"","MathG1","MathG2","MathGFinal","PorG1","PorG2","PorGFinal"
"1",3,0,0,0,5,0
"2",19,19,20,19,19,19
"3",10.8612565445026,10.7120418848168,10.3874345549738,12.1125654450262,12.238219895288,12.5157068062827
"4",5,4.75,6,4,3,3
"5",3.34916709074491,3.83255998384071,4.68724176845703,2.55653128161351,2.46834127177217,2.9454381112311
